{
  "project_info": {
    "project_number": "404250952003",
    "project_id": "project-6ce9b",
    "storage_bucket": "project-6ce9b.appspot.com"
  },
  "client": [
    {
      "client_info": {
        "mobilesdk_app_id": "1:404250952003:android:43582e065d3042cbde2ff6",
        "android_client_info": {
          "package_name": "com.example.project"
        }
      },
      "oauth_client": [
        {
          "client_id": "404250952003-g164qko9qv2o8tdgbh79o1js04f8fdcb.apps.googleusercontent.com",
          "client_type": 3
        }
      ],
      "api_key": [
        {
          "current_key": "AIzaSyA2y1As8Ws3Lg_unP5DPpySmFbxQltYrp4"
        }
      ],
      "services": {
        "appinvite_service": {
          "other_platform_oauth_client": [
            {
              "client_id": "404250952003-g164qko9qv2o8tdgbh79o1js04f8fdcb.apps.googleusercontent.com",
              "client_type": 3
            }
          ]
        }
      }
    }
  ],
  "configuration_version": "1"
}